date,time,encounter,tide,group_size,calf_presence,behavior,n_minute,n_minute_group
9/6/2021,11:00:00,1a,Ebb,1,no,Travel,0,0
9/6/2021,11:01:00,1a,Ebb,1,no,Travel,0,0
9/6/2021,11:02:00,1a,Ebb,1,no,Travel,0,0
9/6/2021,11:03:00,1a,Ebb,1,no,Travel,0,0
9/6/2021,11:04:00,1a,Ebb,1,no,Travel,0,0
9/6/2021,11:05:00,1a,Ebb,1,no,Travel,0,0
9/6/2021,11:06:00,1a,Ebb,1,no,Travel,0,0
9/6/2021,11:07:00,1a,Ebb,1,no,Travel,0,0
9/6/2021,11:08:00,1a,Ebb,1,no,Travel,0,0
9/6/2021,11:09:00,1a,Ebb,1,no,Travel,0,0
9/6/2021,11:10:00,1a,Ebb,1,no,Travel,0,0
9/6/2021,11:11:00,1a,Ebb,1,no,Travel,0,0
9/6/2021,11:12:00,1a,Ebb,1,no,Travel,0,0
9/6/2021,11:13:00,1a,Ebb,1,no,Travel,0,0
9/6/2021,11:14:00,1b,Ebb,9,yes,Mill,0,0
9/6/2021,11:15:00,1b,Ebb,9,yes,Mill,0,0
9/6/2021,11:16:00,1b,Ebb,9,yes,Mill,0,0
9/6/2021,11:17:00,1b,Ebb,9,yes,Mill,0,0
9/6/2021,11:18:00,1b,Ebb,9,yes,Mill,0,0
9/6/2021,11:19:00,1b,Ebb,9,yes,Mill,0,0
9/6/2021,11:20:00,1b,Ebb,9,yes,Mill,0,0
9/6/2021,11:21:00,1b,Ebb,9,yes,Mill,0,0
9/6/2021,11:22:00,1b,Ebb,9,yes,Mill,0,0
9/6/2021,11:23:00,1b,Ebb,9,yes,Mill,2,0.222222222
9/6/2021,11:24:00,1b,Ebb,9,yes,Mill,0,0
9/6/2021,11:25:00,1b,Ebb,9,yes,Mill,0,0
9/6/2021,11:26:00,1b,Ebb,9,yes,Mill,0,0
9/6/2021,11:27:00,1b,Ebb,9,yes,Mill,0,0
9/6/2021,11:28:00,1b,Ebb,9,yes,Mill,0,0
9/6/2021,11:29:00,1b,Ebb,9,yes,Mill,0,0
9/6/2021,11:30:00,1b,Ebb,9,yes,Mill,0,0
9/6/2021,11:31:00,1b,Ebb,9,yes,Mill,0,0
9/6/2021,11:32:00,1b,Ebb,9,yes,Mill,0,0
9/6/2021,11:33:00,1b,Ebb,9,yes,Mill,0,0
9/6/2021,11:34:00,1b,Ebb,9,yes,Mill,0,0
9/6/2021,11:35:00,1c,Ebb,2,yes,Travel,0,0
9/6/2021,11:36:00,1c,Ebb,2,yes,Travel,0,0
9/6/2021,11:37:00,1c,Ebb,2,yes,Travel,0,0
9/6/2021,11:38:00,1c,Ebb,2,yes,Travel,0,0
9/6/2021,11:39:00,1c,Ebb,2,yes,Travel,0,0
9/6/2021,11:40:00,1c,Ebb,2,yes,Travel,0,0
9/6/2021,11:41:00,1c,Ebb,2,yes,Travel,0,0
9/6/2021,11:42:00,1c,Ebb,2,yes,Travel,0,0
9/6/2021,11:43:00,1c,Ebb,2,yes,Travel,0,0
9/6/2021,11:44:00,1c,Ebb,2,yes,Travel,0,0
9/6/2021,11:45:00,1c,Ebb,2,yes,Travel,0,0
9/6/2021,11:46:00,1c,Ebb,2,yes,Travel,0,0
9/6/2021,11:47:00,1c,Ebb,2,yes,Travel,0,0
9/6/2021,11:48:00,1c,Ebb,2,yes,Travel,0,0
9/6/2021,11:49:00,1c,Ebb,2,yes,Travel,0,0
9/6/2021,11:50:00,1c,Ebb,2,yes,Travel,0,0
9/6/2021,11:51:00,1c,Ebb,2,yes,Travel,0,0
9/6/2021,11:52:00,1c,Ebb,2,yes,Travel,0,0
9/6/2021,11:53:00,1c,Ebb,2,yes,Travel,0,0
9/6/2021,11:54:00,1c,Ebb,2,yes,Travel,0,0
9/6/2021,11:55:00,1c,Ebb,2,yes,Travel,0,0
9/6/2021,11:56:00,1c,Ebb,2,yes,Travel,0,0
9/6/2021,11:57:00,1c,Ebb,2,yes,Travel,0,0
9/6/2021,11:58:00,1c,Ebb,2,yes,Travel,0,0
9/6/2021,11:59:00,1c,Ebb,2,yes,Travel,0,0
9/6/2021,12:00:00,1c,Ebb,2,yes,Travel,0,0
9/6/2021,12:01:00,1c,Ebb,2,yes,Travel,0,0
9/6/2021,12:02:00,1c,Ebb,2,yes,Travel,0,0
9/6/2021,12:03:00,1c,Ebb,2,yes,Travel,0,0
9/6/2021,12:04:00,1c,Ebb,2,yes,Travel,0,0
9/6/2021,12:05:00,1c,Ebb,2,yes,Travel,0,0
9/6/2021,12:06:00,1c,Ebb,2,yes,Travel,0,0
9/6/2021,12:07:00,1c,Ebb,2,yes,Travel,0,0
9/6/2021,12:08:00,1c,Ebb,2,yes,Travel,0,0
9/6/2021,12:09:00,1c,Ebb,2,yes,Travel,0,0
9/6/2021,12:10:00,1c,Ebb,2,yes,Travel,0,0
9/6/2021,12:11:00,1c,Ebb,2,yes,Travel,0,0
9/6/2021,12:12:00,1c,Ebb,2,yes,Travel,0,0
9/6/2021,12:13:00,1c,Ebb,2,yes,Travel,0,0
9/6/2021,12:14:00,1c,Ebb,2,yes,Travel,0,0
9/6/2021,12:15:00,1c,Ebb,2,yes,Travel,0,0
9/6/2021,12:16:00,1c,Ebb,2,yes,Travel,0,0
9/11/2021,13:22:00,2a,Ebb,6,yes,Travel,0,0
9/11/2021,13:23:00,2a,Ebb,6,yes,Travel,0,0
9/11/2021,13:24:00,2a,Ebb,6,yes,Travel,0,0
9/11/2021,13:25:00,2a,Ebb,6,yes,Travel,0,0
9/11/2021,13:26:00,2a,Ebb,6,yes,Travel,0,0
9/11/2021,13:27:00,2a,Ebb,6,yes,Travel,0,0
9/11/2021,13:28:00,2a,Ebb,6,yes,Travel,0,0
9/11/2021,13:29:00,2a,Ebb,6,yes,Travel,0,0
9/11/2021,13:30:00,2a,Ebb,6,yes,Travel,0,0
9/11/2021,13:31:00,2a,Ebb,6,yes,Travel,0,0
9/11/2021,13:32:00,2a,Ebb,6,yes,Travel,0,0
9/11/2021,13:33:00,2a,Ebb,6,yes,Travel,0,0
9/11/2021,13:34:00,2a,Ebb,6,yes,Travel,0,0
9/11/2021,13:35:00,2a,Ebb,6,yes,Travel,0,0
9/11/2021,13:36:00,2a,Ebb,6,yes,Travel,0,0
9/11/2021,13:37:00,2a,Ebb,6,yes,Travel,0,0
9/11/2021,13:38:00,2a,Ebb,6,yes,Travel,0,0
9/11/2021,13:39:00,2b,Ebb,2,no,Travel,0,0
9/11/2021,13:40:00,2b,Ebb,2,no,Travel,0,0
9/11/2021,13:41:00,2b,Ebb,2,no,Travel,0,0
9/11/2021,13:42:00,2b,Ebb,2,no,Travel,0,0
9/11/2021,13:43:00,2b,Ebb,2,no,Travel,0,0
9/11/2021,13:44:00,2b,Ebb,2,no,Travel,0,0
9/11/2021,13:45:00,2b,Ebb,2,no,Travel,0,0
9/11/2021,13:46:00,2b,Ebb,2,no,Travel,0,0
9/11/2021,13:47:00,2b,Ebb,2,no,Travel,0,0
9/11/2021,13:48:00,2b,Ebb,2,no,Travel,0,0
9/11/2021,13:49:00,2b,Ebb,2,no,Travel,0,0
9/11/2021,13:50:00,2b,Ebb,2,no,Travel,0,0
9/17/2021,10:45:00,3a,Ebb,13,yes,Travel,0,0
9/17/2021,10:46:00,3a,Ebb,13,yes,Travel,0,0
9/17/2021,10:47:00,3a,Ebb,13,yes,Travel,0,0
9/17/2021,10:48:00,3a,Ebb,13,yes,Travel,0,0
9/17/2021,10:49:00,3a,Ebb,13,yes,Travel,0,0
9/17/2021,10:50:00,3a,Ebb,13,yes,Travel,4,0.307692308
9/17/2021,10:51:00,3a,Ebb,13,yes,Travel,5,0.384615385
9/17/2021,10:52:00,3a,Ebb,13,yes,Travel,8,0.615384615
9/17/2021,10:53:00,3a,Ebb,13,yes,Travel,11,0.846153846
9/17/2021,10:54:00,3a,Ebb,13,yes,Travel,21,1.615384615
9/17/2021,10:55:00,3a,Ebb,13,yes,Travel,19,1.461538462
9/17/2021,10:56:00,3a,Ebb,13,yes,Travel,13,1
9/17/2021,10:57:00,3a,Ebb,13,yes,Travel,11,0.846153846
9/17/2021,10:58:00,3a,Ebb,13,yes,Travel,6,0.461538462
9/17/2021,10:59:00,3a,Ebb,13,yes,Travel,16,1.230769231
9/17/2021,11:00:00,3a,Ebb,13,yes,Travel,2,0.153846154
9/17/2021,11:01:00,3a,Ebb,13,yes,Travel,1,0.076923077
9/17/2021,11:02:00,3b,Ebb,6,yes,Mill,1,0.166666667
9/17/2021,11:03:00,3b,Ebb,6,yes,Mill,1,0.166666667
9/17/2021,11:04:00,3b,Ebb,6,yes,Mill,0,0
9/17/2021,11:05:00,3b,Ebb,6,yes,Mill,0,0
9/17/2021,11:06:00,3b,Ebb,6,yes,Mill,0,0
9/17/2021,11:07:00,3b,Ebb,6,yes,Mill,1,0.166666667
9/17/2021,11:08:00,3b,Ebb,6,yes,Mill,0,0
9/17/2021,11:09:00,3b,Ebb,6,yes,Mill,0,0
9/17/2021,11:10:00,3b,Ebb,6,yes,Mill,0,0
9/17/2021,11:11:00,3b,Ebb,6,yes,Mill,0,0
9/17/2021,11:12:00,3b,Ebb,6,yes,Mill,0,0
9/17/2021,11:13:00,3b,Ebb,6,yes,Mill,1,0.166666667
9/17/2021,11:14:00,3b,Ebb,6,yes,Mill,0,0
9/17/2021,11:15:00,3b,Ebb,6,yes,Mill,0,0
9/17/2021,11:16:00,3b,Ebb,6,yes,Mill,0,0
9/17/2021,11:17:00,3b,Ebb,6,yes,Mill,0,0
9/17/2021,11:18:00,3b,Ebb,6,yes,Mill,0,0
9/17/2021,11:19:00,3b,Ebb,6,yes,Mill,0,0
9/17/2021,11:20:00,3b,Ebb,6,yes,Mill,0,0
9/17/2021,11:21:00,3b,Ebb,6,yes,Mill,0,0
9/17/2021,11:22:00,3b,Ebb,6,yes,Mill,0,0
9/17/2021,11:23:00,3c,Ebb,1,no,Travel,0,0
9/17/2021,11:24:00,3c,Ebb,1,no,Travel,0,0
9/17/2021,11:25:00,3c,Ebb,1,no,Travel,0,0
9/17/2021,11:26:00,3c,Ebb,1,no,Travel,0,0
9/17/2021,11:27:00,3c,Ebb,1,no,Travel,0,0
9/17/2021,11:28:00,3c,Ebb,1,no,Travel,0,0
9/17/2021,11:29:00,3c,Ebb,1,no,Travel,0,0
9/17/2021,11:30:00,3c,Ebb,1,no,Travel,0,0
9/17/2021,11:31:00,3c,Ebb,1,no,Travel,0,0
9/17/2021,11:32:00,3c,Ebb,1,no,Travel,0,0
9/17/2021,13:07:00,4a,Flood,10,yes,Mill,0,0
9/17/2021,13:08:00,4a,Flood,10,yes,Mill,0,0
9/17/2021,13:09:00,4a,Flood,10,yes,Mill,0,0
9/17/2021,13:10:00,4a,Flood,10,yes,Mill,0,0
9/17/2021,13:11:00,4a,Flood,10,yes,Mill,0,0
9/17/2021,13:12:00,4a,Flood,10,yes,Mill,0,0
9/17/2021,13:13:00,4a,Flood,10,yes,Mill,0,0
9/17/2021,13:14:00,4a,Flood,10,yes,Mill,0,0
9/17/2021,13:15:00,4a,Flood,10,yes,Mill,1,0.1
9/17/2021,13:16:00,4a,Flood,10,yes,Mill,8,0.8
9/17/2021,13:17:00,4a,Flood,10,yes,Mill,4,0.4
9/17/2021,13:18:00,4a,Flood,10,yes,Mill,4,0.4
9/17/2021,13:19:00,4a,Flood,10,yes,Mill,30,3
9/17/2021,13:20:00,4a,Flood,10,yes,Mill,43,4.3
9/17/2021,13:21:00,4a,Flood,10,yes,Mill,52,5.2
9/17/2021,13:22:00,4a,Flood,10,yes,Mill,59,5.9
9/17/2021,13:23:00,4a,Flood,10,yes,Mill,33,3.3
9/17/2021,13:24:00,4b,Flood,15,yes,Travel,23,1.533333333
9/17/2021,13:25:00,4b,Flood,15,yes,Travel,5,0.333333333
9/17/2021,13:26:00,4b,Flood,15,yes,Travel,13,0.866666667
9/17/2021,13:27:00,4b,Flood,15,yes,Travel,0,0
9/17/2021,13:28:00,4b,Flood,15,yes,Travel,3,0.2
9/17/2021,13:29:00,4b,Flood,15,yes,Travel,1,0.066666667
9/17/2021,13:30:00,4b,Flood,15,yes,Travel,0,0
10/4/2021,10:45:00,5a,Ebb,17,yes,Travel,0,0
10/4/2021,10:46:00,5a,Ebb,17,yes,Travel,1,0.058823529
10/4/2021,10:47:00,5a,Ebb,17,yes,Travel,13,0.764705882
10/4/2021,10:48:00,5a,Ebb,17,yes,Travel,3,0.176470588
10/4/2021,10:49:00,5a,Ebb,17,yes,Travel,0,0
10/4/2021,10:50:00,5a,Ebb,17,yes,Travel,0,0
10/4/2021,10:51:00,5a,Ebb,17,yes,Travel,3,0.176470588
10/4/2021,10:52:00,5a,Ebb,17,yes,Travel,2,0.117647059
10/4/2021,10:53:00,5a,Ebb,17,yes,Travel,11,0.647058824
10/4/2021,10:54:00,5a,Ebb,17,yes,Travel,5,0.294117647
10/4/2021,10:55:00,5a,Ebb,17,yes,Travel,0,0
10/4/2021,10:56:00,5a,Ebb,17,yes,Travel,1,0.058823529
10/4/2021,10:57:00,5a,Ebb,17,yes,Travel,0,0
10/4/2021,10:58:00,5a,Ebb,17,yes,Travel,0,0
10/4/2021,10:59:00,5a,Ebb,17,yes,Travel,0,0
10/4/2021,11:00:00,5a,Ebb,17,yes,Travel,0,0
10/4/2021,11:01:00,5b,Ebb,6,yes,Travel,0,0
10/4/2021,11:02:00,5b,Ebb,6,yes,Travel,0,0
10/4/2021,11:03:00,5b,Ebb,6,yes,Travel,0,0
10/4/2021,11:04:00,5b,Ebb,6,yes,Travel,0,0
10/4/2021,11:05:00,5b,Ebb,6,yes,Travel,0,0
10/4/2021,11:06:00,5b,Ebb,6,yes,Travel,0,0
10/4/2021,11:07:00,5b,Ebb,6,yes,Travel,0,0
10/4/2021,11:08:00,5b,Ebb,6,yes,Travel,0,0
10/4/2021,11:09:00,5b,Ebb,6,yes,Travel,0,0
10/4/2021,11:10:00,5b,Ebb,6,yes,Travel,0,0
10/4/2021,11:11:00,5b,Ebb,6,yes,Travel,0,0
10/4/2021,11:12:00,5b,Ebb,6,yes,Travel,0,0
10/4/2021,11:13:00,5b,Ebb,6,yes,Travel,0,0
10/4/2021,11:14:00,5b,Ebb,6,yes,Travel,0,0
10/4/2021,11:15:00,5b,Ebb,6,yes,Travel,0,0
10/4/2021,11:16:00,5b,Ebb,6,yes,Travel,0,0
10/4/2021,11:17:00,5b,Ebb,6,yes,Travel,0,0
10/4/2021,11:18:00,5b,Ebb,6,yes,Travel,0,0
10/4/2021,11:19:00,5b,Ebb,6,yes,Travel,0,0
10/4/2021,11:20:00,5b,Ebb,6,yes,Travel,0,0
10/4/2021,11:21:00,5b,Ebb,6,yes,Travel,0,0
10/4/2021,11:22:00,5c,Ebb,2,no,Travel,0,0
10/4/2021,11:23:00,5c,Ebb,2,no,Travel,0,0
10/4/2021,11:24:00,5c,Ebb,2,no,Travel,1,0.5
10/4/2021,11:25:00,5c,Ebb,2,no,Travel,0,0
10/4/2021,11:26:00,5c,Ebb,2,no,Travel,0,0
10/4/2021,11:27:00,5c,Ebb,2,no,Travel,0,0
10/4/2021,11:28:00,5c,Ebb,2,no,Travel,0,0
10/4/2021,11:29:00,5c,Ebb,2,no,Travel,0,0
10/4/2021,11:30:00,5c,Ebb,2,no,Travel,0,0
10/4/2021,11:31:00,5c,Ebb,2,no,Travel,0,0
10/4/2021,11:32:00,5c,Ebb,2,no,Travel,0,0
10/6/2021,10:49:00,6,Ebb,15,yes,Travel,3,0.2
10/6/2021,10:50:00,6,Ebb,15,yes,Travel,8,0.533333333
10/6/2021,10:51:00,6,Ebb,15,yes,Travel,5,0.333333333
10/6/2021,10:52:00,6,Ebb,15,yes,Travel,13,0.866666667
10/6/2021,10:53:00,6,Ebb,15,yes,Travel,0,0
10/6/2021,10:54:00,6,Ebb,15,yes,Travel,0,0
10/6/2021,10:55:00,6,Ebb,15,yes,Travel,1,0.066666667
10/6/2021,10:56:00,6,Ebb,15,yes,Travel,6,0.4
10/6/2021,10:57:00,6,Ebb,15,yes,Travel,1,0.066666667
10/6/2021,10:58:00,6,Ebb,15,yes,Travel,0,0
10/6/2021,10:59:00,6,Ebb,15,yes,Travel,1,0.066666667
10/6/2021,11:00:00,6,Ebb,15,yes,Travel,0,0
10/6/2021,11:01:00,6,Ebb,15,yes,Travel,0,0
10/6/2021,11:02:00,6,Ebb,15,yes,Travel,0,0
10/6/2021,11:03:00,6,Ebb,15,yes,Travel,0,0
10/6/2021,11:04:00,6,Ebb,15,yes,Travel,0,0
10/6/2021,11:05:00,6,Ebb,15,yes,Travel,0,0
10/7/2021,11:49:00,7a,Ebb,15,yes,Travel,0,0
10/7/2021,11:50:00,7a,Ebb,15,yes,Travel,0,0
10/7/2021,11:51:00,7a,Ebb,15,yes,Travel,0,0
10/7/2021,11:52:00,7a,Ebb,15,yes,Travel,0,0
10/7/2021,11:53:00,7a,Ebb,15,yes,Travel,0,0
10/7/2021,11:54:00,7a,Ebb,15,yes,Travel,0,0
10/7/2021,11:55:00,7a,Ebb,15,yes,Travel,0,0
10/7/2021,11:56:00,7a,Ebb,15,yes,Travel,0,0
10/7/2021,11:57:00,7a,Ebb,15,yes,Travel,0,0
10/7/2021,11:58:00,7a,Ebb,15,yes,Travel,0,0
10/7/2021,11:59:00,7a,Ebb,15,yes,Travel,0,0
10/7/2021,12:00:00,7a,Ebb,15,yes,Travel,7,0.466666667
10/7/2021,12:01:00,7a,Ebb,15,yes,Travel,17,1.133333333
10/7/2021,12:02:00,7a,Ebb,15,yes,Travel,7,0.466666667
10/7/2021,12:03:00,7a,Ebb,15,yes,Travel,0,0
10/7/2021,12:04:00,7a,Ebb,15,yes,Travel,0,0
10/7/2021,12:05:00,7a,Ebb,15,yes,Travel,0,0
10/7/2021,12:06:00,7a,Ebb,15,yes,Travel,0,0
10/7/2021,12:07:00,7a,Ebb,15,yes,Travel,0,0
10/7/2021,12:08:00,7a,Ebb,15,yes,Travel,0,0
10/7/2021,12:09:00,7b,Ebb,6,no,Mill,0,0
10/7/2021,12:10:00,7b,Ebb,6,no,Mill,0,0
10/7/2021,12:11:00,7b,Ebb,6,no,Mill,0,0
10/7/2021,12:12:00,7b,Ebb,6,no,Mill,0,0
10/7/2021,12:13:00,7b,Ebb,6,no,Mill,0,0
10/7/2021,12:14:00,7b,Ebb,6,no,Mill,0,0
10/7/2021,12:15:00,7b,Ebb,6,no,Mill,0,0
10/7/2021,12:16:00,7b,Ebb,6,no,Mill,0,0
10/7/2021,12:17:00,7b,Ebb,6,no,Mill,0,0
10/7/2021,12:18:00,7b,Ebb,6,no,Mill,0,0
10/7/2021,12:19:00,7b,Ebb,6,no,Mill,0,0
10/7/2021,12:20:00,7b,Ebb,6,no,Mill,0,0
10/7/2021,12:21:00,7b,Ebb,6,no,Mill,0,0
10/7/2021,12:22:00,7b,Ebb,6,no,Mill,0,0
10/7/2021,12:23:00,7b,Ebb,6,no,Mill,0,0
10/7/2021,12:24:00,7b,Ebb,6,no,Mill,0,0
10/7/2021,12:25:00,7b,Ebb,6,no,Mill,0,0
10/7/2021,12:26:00,7b,Ebb,6,no,Mill,0,0
10/7/2021,12:27:00,7b,Ebb,6,no,Mill,0,0
10/8/2021,12:12:00,8a,Ebb,19,yes,Travel,0,0
10/8/2021,12:13:00,8a,Ebb,19,yes,Travel,0,0
10/8/2021,12:14:00,8a,Ebb,19,yes,Travel,0,0
10/8/2021,12:15:00,8a,Ebb,19,yes,Travel,0,0
10/8/2021,12:16:00,8a,Ebb,19,yes,Travel,0,0
10/8/2021,12:17:00,8a,Ebb,19,yes,Travel,0,0
10/8/2021,12:18:00,8a,Ebb,19,yes,Travel,0,0
10/8/2021,12:19:00,8a,Ebb,19,yes,Travel,0,0
10/8/2021,12:20:00,8a,Ebb,19,yes,Travel,0,0
10/8/2021,12:21:00,8a,Ebb,19,yes,Travel,0,0
10/8/2021,12:22:00,8a,Ebb,19,yes,Travel,0,0
10/8/2021,12:23:00,8a,Ebb,19,yes,Travel,0,0
10/8/2021,12:24:00,8a,Ebb,19,yes,Travel,4,0.210526316
10/8/2021,12:25:00,8a,Ebb,19,yes,Travel,4,0.210526316
10/8/2021,12:26:00,8a,Ebb,19,yes,Travel,22,1.157894737
10/8/2021,12:27:00,8a,Ebb,19,yes,Travel,8,0.421052632
10/8/2021,12:28:00,8b,Ebb,53,yes,Travel,20,0.377358491
10/8/2021,12:29:00,8b,Ebb,53,yes,Travel,18,0.339622642
10/8/2021,12:30:00,8b,Ebb,53,yes,Travel,4,0.075471698
10/8/2021,12:31:00,8b,Ebb,53,yes,Travel,17,0.320754717
10/8/2021,12:32:00,8b,Ebb,53,yes,Travel,10,0.188679245
10/8/2021,12:33:00,8b,Ebb,53,yes,Travel,28,0.528301887
10/8/2021,12:34:00,8b,Ebb,53,yes,Travel,64,1.20754717
10/8/2021,12:35:00,8b,Ebb,53,yes,Travel,58,1.094339623
10/8/2021,12:36:00,8b,Ebb,53,yes,Travel,42,0.79245283
10/8/2021,12:37:00,8b,Ebb,53,yes,Travel,55,1.037735849
10/8/2021,12:38:00,8b,Ebb,53,yes,Travel,60,1.132075472
10/8/2021,12:39:00,8b,Ebb,53,yes,Travel,40,0.754716981
10/8/2021,12:40:00,8b,Ebb,53,yes,Travel,9,0.169811321
10/8/2021,12:41:00,8b,Ebb,53,yes,Travel,14,0.264150943
10/8/2021,12:42:00,8b,Ebb,53,yes,Travel,0,0
10/8/2021,12:43:00,8b,Ebb,53,yes,Travel,7,0.132075472
10/8/2021,12:44:00,8b,Ebb,53,yes,Travel,24,0.452830189
10/8/2021,12:45:00,8b,Ebb,53,yes,Travel,8,0.150943396
10/8/2021,12:46:00,8b,Ebb,53,yes,Travel,5,0.094339623
10/8/2021,12:47:00,8b,Ebb,53,yes,Travel,3,0.056603774
10/8/2021,12:48:00,8b,Ebb,53,yes,Travel,1,0.018867925
10/8/2021,12:49:00,8c,Ebb,3,yes,Travel,4,1.333333333
10/8/2021,12:50:00,8c,Ebb,3,yes,Travel,7,2.333333333
10/8/2021,12:51:00,8c,Ebb,3,yes,Travel,3,1
10/8/2021,12:52:00,8c,Ebb,3,yes,Travel,7,2.333333333
10/8/2021,12:53:00,8c,Ebb,3,yes,Travel,8,2.666666667
10/8/2021,12:54:00,8c,Ebb,3,yes,Travel,2,0.666666667
10/8/2021,12:55:00,8c,Ebb,3,yes,Travel,1,0.333333333
10/8/2021,12:56:00,8c,Ebb,3,yes,Travel,0,0
10/8/2021,12:57:00,8c,Ebb,3,yes,Travel,5,1.666666667
10/8/2021,12:58:00,8c,Ebb,3,yes,Travel,5,1.666666667
10/8/2021,12:59:00,8c,Ebb,3,yes,Travel,6,2
10/8/2021,13:00:00,8c,Ebb,3,yes,Travel,6,2
10/8/2021,13:01:00,8c,Ebb,3,yes,Travel,0,0
10/8/2021,13:02:00,8c,Ebb,3,yes,Travel,0,0
10/8/2021,13:03:00,8c,Ebb,3,yes,Travel,0,0
10/8/2021,13:04:00,8c,Ebb,3,yes,Travel,0,0
10/11/2021,10:42:00,9,Flood,5,no,Mill,0,0
10/11/2021,10:43:00,9,Flood,5,no,Mill,0,0
10/11/2021,10:44:00,9,Flood,5,no,Mill,0,0
10/11/2021,10:45:00,9,Flood,5,no,Mill,0,0
10/11/2021,10:46:00,9,Flood,5,no,Mill,0,0
10/11/2021,10:47:00,9,Flood,5,no,Mill,0,0
10/11/2021,10:48:00,9,Flood,5,no,Mill,0,0
10/11/2021,13:48:00,10,Ebb,5,no,Travel,0,0
10/11/2021,13:49:00,10,Ebb,5,no,Travel,0,0
10/11/2021,13:50:00,10,Ebb,5,no,Travel,0,0
10/11/2021,13:51:00,10,Ebb,5,no,Travel,0,0
10/11/2021,13:52:00,10,Ebb,5,no,Travel,0,0
10/11/2021,13:53:00,10,Ebb,5,no,Travel,0,0
10/11/2021,13:54:00,10,Ebb,5,no,Travel,0,0
10/11/2021,13:55:00,10,Ebb,5,no,Travel,0,0
8/8/2022,12:19:00,11a,Flood,11,no,Mill,0,0
8/8/2022,12:20:00,11a,Flood,11,no,Mill,0,0
8/8/2022,12:21:00,11a,Flood,11,no,Mill,0,0
8/8/2022,12:22:00,11a,Flood,11,no,Mill,0,0
8/8/2022,12:23:00,11a,Flood,11,no,Mill,0,0
8/8/2022,12:24:00,11a,Flood,11,no,Mill,0,0
8/8/2022,12:25:00,11a,Flood,11,no,Mill,0,0
8/8/2022,12:26:00,11a,Flood,11,no,Mill,0,0
8/8/2022,12:27:00,11a,Flood,11,no,Mill,0,0
8/8/2022,12:28:00,11a,Flood,11,no,Mill,0,0
8/8/2022,12:29:00,11a,Flood,11,no,Mill,0,0
8/8/2022,12:30:00,11a,Flood,11,no,Mill,0,0
8/8/2022,12:31:00,11a,Flood,11,no,Mill,0,0
8/8/2022,12:32:00,11a,Flood,11,no,Mill,0,0
8/8/2022,12:33:00,11a,Flood,11,no,Mill,0,0
8/8/2022,12:34:00,11a,Flood,11,no,Mill,0,0
8/8/2022,12:35:00,11a,Flood,11,no,Mill,0,0
8/8/2022,12:36:00,11a,Flood,11,no,Mill,0,0
8/8/2022,12:37:00,11a,Flood,11,no,Mill,0,0
8/8/2022,12:38:00,11a,Flood,11,no,Mill,0,0
8/8/2022,12:39:00,11a,Flood,11,no,Mill,0,0
8/8/2022,12:40:00,11b,Flood,13,no,Mill,0,0
8/8/2022,12:41:00,11b,Flood,13,no,Mill,0,0
8/8/2022,12:42:00,11b,Flood,13,no,Mill,0,0
8/8/2022,12:43:00,11b,Flood,13,no,Mill,0,0
8/8/2022,12:44:00,11b,Flood,13,no,Mill,0,0
8/8/2022,12:45:00,11b,Flood,13,no,Mill,0,0
8/8/2022,12:46:00,11b,Flood,13,no,Mill,0,0
8/8/2022,12:47:00,11b,Flood,13,no,Mill,0,0
8/8/2022,12:48:00,11b,Flood,13,no,Mill,0,0
8/8/2022,12:49:00,11b,Flood,13,no,Mill,0,0
8/8/2022,12:50:00,11b,Flood,13,no,Mill,0,0
8/8/2022,12:51:00,11b,Flood,13,no,Mill,0,0
8/8/2022,12:52:00,11b,Flood,13,no,Mill,0,0
8/8/2022,12:53:00,11b,Flood,13,no,Mill,0,0
8/8/2022,12:54:00,11b,Flood,13,no,Mill,0,0
8/8/2022,12:55:00,11b,Flood,13,no,Mill,0,0
8/8/2022,12:56:00,11b,Flood,13,no,Mill,0,0
8/8/2022,12:57:00,11b,Flood,13,no,Mill,0,0
8/8/2022,12:58:00,11b,Flood,13,no,Mill,0,0
8/8/2022,12:59:00,11b,Flood,13,no,Mill,0,0
8/8/2022,13:00:00,11b,Flood,13,no,Mill,0,0
8/9/2022,11:00:00,12,Ebb,10,no,Travel,0,0
8/9/2022,11:01:00,12,Ebb,10,no,Travel,0,0
8/9/2022,11:02:00,12,Ebb,10,no,Travel,0,0
8/9/2022,11:03:00,12,Ebb,10,no,Travel,0,0
8/9/2022,11:04:00,12,Ebb,10,no,Travel,0,0
8/9/2022,11:05:00,12,Ebb,10,no,Travel,0,0
8/9/2022,11:06:00,12,Ebb,10,no,Travel,0,0
8/9/2022,11:07:00,12,Ebb,10,no,Travel,0,0
8/9/2022,11:08:00,12,Ebb,10,no,Travel,0,0
8/9/2022,11:09:00,12,Ebb,10,no,Travel,0,0
8/9/2022,11:10:00,12,Ebb,10,no,Travel,0,0
8/9/2022,11:11:00,12,Ebb,10,no,Travel,0,0
8/9/2022,11:12:00,12,Ebb,10,no,Travel,0,0
8/9/2022,11:13:00,12,Ebb,10,no,Travel,0,0
8/9/2022,11:14:00,12,Ebb,10,no,Travel,0,0
8/9/2022,11:15:00,12,Ebb,10,no,Travel,0,0
8/9/2022,11:16:00,12,Ebb,10,no,Travel,0,0
8/9/2022,11:17:00,12,Ebb,10,no,Travel,0,0
8/9/2022,11:18:00,12,Ebb,10,no,Travel,0,0
8/9/2022,11:19:00,12,Ebb,10,no,Travel,0,0
8/9/2022,11:20:00,12,Ebb,10,no,Travel,0,0
8/24/2022,10:02:00,13a,Ebb,16,yes,Travel,0,0
8/24/2022,10:03:00,13a,Ebb,16,yes,Travel,0,0
8/24/2022,10:04:00,13a,Ebb,16,yes,Travel,0,0
8/24/2022,10:05:00,13a,Ebb,16,yes,Travel,0,0
8/24/2022,10:06:00,13a,Ebb,16,yes,Travel,0,0
8/24/2022,10:07:00,13a,Ebb,16,yes,Travel,0,0
8/24/2022,10:08:00,13a,Ebb,16,yes,Travel,0,0
8/24/2022,10:09:00,13a,Ebb,16,yes,Travel,2,0.125
8/24/2022,10:10:00,13a,Ebb,16,yes,Travel,0,0
8/24/2022,10:11:00,13a,Ebb,16,yes,Travel,7,0.4375
8/24/2022,10:12:00,13a,Ebb,16,yes,Travel,2,0.125
8/24/2022,10:13:00,13a,Ebb,16,yes,Travel,1,0.0625
8/24/2022,10:14:00,13a,Ebb,16,yes,Travel,2,0.125
8/24/2022,10:15:00,13a,Ebb,16,yes,Travel,0,0
8/24/2022,10:16:00,13a,Ebb,16,yes,Travel,0,0
8/24/2022,10:17:00,13a,Ebb,16,yes,Travel,0,0
8/24/2022,10:18:00,13a,Ebb,16,yes,Travel,0,0
8/24/2022,10:19:00,13a,Ebb,16,yes,Travel,0,0
8/24/2022,10:20:00,13a,Ebb,16,yes,Travel,0,0
8/24/2022,10:21:00,13a,Ebb,16,yes,Travel,1,0.0625
8/24/2022,10:22:00,13a,Ebb,16,yes,Travel,0,0
8/24/2022,10:23:00,13b,Ebb,13,yes,Mill,3,0.230769231
8/24/2022,10:24:00,13b,Ebb,13,yes,Mill,2,0.153846154
8/24/2022,10:25:00,13b,Ebb,13,yes,Mill,0,0
8/24/2022,10:26:00,13b,Ebb,13,yes,Mill,0,0
8/24/2022,10:27:00,13b,Ebb,13,yes,Mill,1,0.076923077
8/24/2022,10:28:00,13b,Ebb,13,yes,Mill,12,0.923076923
8/24/2022,10:29:00,13b,Ebb,13,yes,Mill,23,1.769230769
8/24/2022,10:30:00,13b,Ebb,13,yes,Mill,0,0
8/24/2022,10:31:00,13b,Ebb,13,yes,Mill,4,0.307692308
8/24/2022,10:32:00,13b,Ebb,13,yes,Mill,0,0
8/24/2022,10:33:00,13b,Ebb,13,yes,Mill,0,0
8/24/2022,10:34:00,13b,Ebb,13,yes,Mill,0,0
8/24/2022,10:35:00,13b,Ebb,13,yes,Mill,1,0.076923077
8/24/2022,10:36:00,13b,Ebb,13,yes,Mill,0,0
8/24/2022,10:37:00,13b,Ebb,13,yes,Mill,1,0.076923077
8/24/2022,10:38:00,13b,Ebb,13,yes,Mill,10,0.769230769
8/24/2022,10:39:00,13b,Ebb,13,yes,Mill,8,0.615384615
8/24/2022,10:40:00,13b,Ebb,13,yes,Mill,1,0.076923077
8/24/2022,10:41:00,13b,Ebb,13,yes,Mill,5,0.384615385
8/24/2022,10:42:00,13b,Ebb,13,yes,Mill,5,0.384615385
8/24/2022,10:43:00,13b,Ebb,13,yes,Mill,6,0.461538462
8/24/2022,10:44:00,13c,Ebb,18,yes,Travel,1,0.055555556
8/24/2022,10:45:00,13c,Ebb,18,yes,Travel,5,0.277777778
8/24/2022,10:46:00,13c,Ebb,18,yes,Travel,5,0.277777778
8/24/2022,10:47:00,13c,Ebb,18,yes,Travel,7,0.388888889
8/24/2022,10:48:00,13c,Ebb,18,yes,Travel,3,0.166666667
8/24/2022,10:49:00,13c,Ebb,18,yes,Travel,7,0.388888889
8/24/2022,10:50:00,13c,Ebb,18,yes,Travel,9,0.5
8/24/2022,10:51:00,13c,Ebb,18,yes,Travel,17,0.944444444
8/24/2022,10:52:00,13c,Ebb,18,yes,Travel,16,0.888888889
8/24/2022,10:53:00,13c,Ebb,18,yes,Travel,6,0.333333333
8/24/2022,10:54:00,13c,Ebb,18,yes,Travel,4,0.222222222
8/24/2022,10:55:00,13c,Ebb,18,yes,Travel,11,0.611111111
8/24/2022,10:56:00,13c,Ebb,18,yes,Travel,16,0.888888889
8/24/2022,10:57:00,13c,Ebb,18,yes,Travel,2,0.111111111
8/24/2022,10:58:00,13c,Ebb,18,yes,Travel,2,0.111111111
8/24/2022,10:59:00,13c,Ebb,18,yes,Travel,1,0.055555556
8/24/2022,11:00:00,13c,Ebb,18,yes,Travel,1,0.055555556
8/24/2022,11:01:00,13c,Ebb,18,yes,Travel,0,0
8/24/2022,11:02:00,13c,Ebb,18,yes,Travel,0,0
8/24/2022,11:03:00,13c,Ebb,18,yes,Travel,0,0
8/24/2022,11:04:00,13c,Ebb,18,yes,Travel,0,0
8/24/2022,11:05:00,13d,Ebb,8,yes,Mill,1,0.125
8/24/2022,11:06:00,13d,Ebb,8,yes,Mill,0,0
8/24/2022,11:07:00,13d,Ebb,8,yes,Mill,0,0
8/24/2022,11:08:00,13d,Ebb,8,yes,Mill,0,0
8/24/2022,11:09:00,13d,Ebb,8,yes,Mill,0,0
8/24/2022,11:10:00,13d,Ebb,8,yes,Mill,0,0
8/24/2022,11:11:00,13d,Ebb,8,yes,Mill,0,0
8/24/2022,11:12:00,13d,Ebb,8,yes,Mill,0,0
8/24/2022,11:13:00,13d,Ebb,8,yes,Mill,0,0
8/24/2022,11:14:00,13d,Ebb,8,yes,Mill,0,0
8/24/2022,11:15:00,13d,Ebb,8,yes,Mill,0,0
8/24/2022,11:16:00,13d,Ebb,8,yes,Mill,0,0
8/24/2022,11:17:00,13d,Ebb,8,yes,Mill,0,0
8/24/2022,11:18:00,13d,Ebb,8,yes,Mill,0,0
8/24/2022,11:19:00,13d,Ebb,8,yes,Mill,0,0
8/24/2022,11:20:00,13d,Ebb,8,yes,Mill,0,0
8/24/2022,11:21:00,13d,Ebb,8,yes,Mill,0,0
8/24/2022,11:22:00,13d,Ebb,8,yes,Mill,0,0
8/24/2022,11:23:00,13d,Ebb,8,yes,Mill,0,0
8/24/2022,11:24:00,13d,Ebb,8,yes,Mill,0,0
8/24/2022,11:25:00,13d,Ebb,8,yes,Mill,0,0
8/24/2022,11:26:00,13e,Ebb,7,yes,Mill,0,0
8/24/2022,11:27:00,13e,Ebb,7,yes,Mill,0,0
8/24/2022,11:28:00,13e,Ebb,7,yes,Mill,0,0
8/24/2022,11:29:00,13e,Ebb,7,yes,Mill,0,0
8/24/2022,11:30:00,13e,Ebb,7,yes,Mill,0,0
8/24/2022,11:31:00,13e,Ebb,7,yes,Mill,0,0
8/24/2022,11:32:00,13e,Ebb,7,yes,Mill,0,0
8/24/2022,11:33:00,13e,Ebb,7,yes,Mill,0,0
8/24/2022,11:34:00,13e,Ebb,7,yes,Mill,0,0
8/24/2022,11:35:00,13e,Ebb,7,yes,Mill,0,0
8/24/2022,11:36:00,13e,Ebb,7,yes,Mill,0,0
8/24/2022,11:37:00,13e,Ebb,7,yes,Mill,0,0
8/24/2022,11:38:00,13e,Ebb,7,yes,Mill,0,0
8/24/2022,11:39:00,13e,Ebb,7,yes,Mill,0,0
8/24/2022,11:40:00,13e,Ebb,7,yes,Mill,0,0
8/24/2022,11:41:00,13e,Ebb,7,yes,Mill,0,0
8/24/2022,11:42:00,13e,Ebb,7,yes,Mill,0,0
8/24/2022,11:43:00,13e,Ebb,7,yes,Mill,0,0
8/24/2022,11:44:00,13e,Ebb,7,yes,Mill,0,0
8/24/2022,11:45:00,13e,Ebb,7,yes,Mill,0,0
8/24/2022,11:46:00,13e,Ebb,7,yes,Mill,0,0
8/24/2022,11:47:00,13f,Ebb,1,no,Travel,0,0
8/24/2022,11:48:00,13f,Ebb,1,no,Travel,0,0
8/24/2022,11:49:00,13f,Ebb,1,no,Travel,0,0
8/24/2022,11:50:00,13f,Ebb,1,no,Travel,0,0
8/24/2022,11:51:00,13f,Ebb,1,no,Travel,0,0
8/24/2022,11:52:00,13f,Ebb,1,no,Travel,0,0
8/24/2022,11:53:00,13f,Ebb,1,no,Travel,0,0
8/24/2022,11:54:00,13f,Ebb,1,no,Travel,2,2
8/24/2022,11:55:00,13f,Ebb,1,no,Travel,3,3
8/24/2022,11:56:00,13f,Ebb,1,no,Travel,5,5
8/24/2022,11:57:00,13f,Ebb,1,no,Travel,0,0
8/24/2022,11:58:00,13f,Ebb,1,no,Travel,0,0
8/24/2022,11:59:00,13f,Ebb,1,no,Travel,4,4
8/24/2022,12:00:00,13f,Ebb,1,no,Travel,2,2
8/24/2022,12:01:00,13f,Ebb,1,no,Travel,0,0
8/24/2022,12:02:00,13f,Ebb,1,no,Travel,0,0
8/24/2022,12:03:00,13f,Ebb,1,no,Travel,2,2
8/24/2022,12:04:00,13f,Ebb,1,no,Travel,4,4
8/24/2022,12:05:00,13f,Ebb,1,no,Travel,0,0
8/24/2022,12:06:00,13f,Ebb,1,no,Travel,1,1
8/24/2022,12:07:00,13f,Ebb,1,no,Travel,1,1
8/24/2022,12:08:00,13g,Ebb,4,yes,Mill,1,0.25
8/24/2022,12:09:00,13g,Ebb,4,yes,Mill,0,0
8/24/2022,12:10:00,13g,Ebb,4,yes,Mill,0,0
8/24/2022,12:11:00,13g,Ebb,4,yes,Mill,0,0
8/24/2022,12:12:00,13g,Ebb,4,yes,Mill,2,0.5
8/24/2022,12:13:00,13g,Ebb,4,yes,Mill,0,0
8/24/2022,12:14:00,13g,Ebb,4,yes,Mill,0,0
8/24/2022,12:15:00,13g,Ebb,4,yes,Mill,0,0
8/24/2022,12:16:00,13g,Ebb,4,yes,Mill,1,0.25
8/24/2022,12:17:00,13g,Ebb,4,yes,Mill,0,0
8/24/2022,12:18:00,13g,Ebb,4,yes,Mill,0,0
8/24/2022,12:19:00,13g,Ebb,4,yes,Mill,0,0
8/24/2022,12:20:00,13g,Ebb,4,yes,Mill,0,0
8/24/2022,12:21:00,13g,Ebb,4,yes,Mill,0,0
8/24/2022,12:22:00,13g,Ebb,4,yes,Mill,0,0
8/24/2022,12:23:00,13g,Ebb,4,yes,Mill,0,0
8/24/2022,12:24:00,13g,Ebb,4,yes,Mill,0,0
8/24/2022,12:25:00,13g,Ebb,4,yes,Mill,0,0
8/24/2022,12:26:00,13g,Ebb,4,yes,Mill,0,0
8/24/2022,12:27:00,13g,Ebb,4,yes,Mill,0,0
8/24/2022,12:28:00,13g,Ebb,4,yes,Mill,0,0
8/24/2022,12:29:00,13h,Ebb,6,no,Mill,0,0
8/24/2022,12:30:00,13h,Ebb,6,no,Mill,0,0
8/24/2022,12:31:00,13h,Ebb,6,no,Mill,0,0
8/24/2022,12:32:00,13h,Ebb,6,no,Mill,0,0
8/24/2022,12:33:00,13h,Ebb,6,no,Mill,0,0
8/24/2022,12:34:00,13h,Ebb,6,no,Mill,0,0
8/24/2022,12:35:00,13h,Ebb,6,no,Mill,0,0
8/24/2022,12:36:00,13h,Ebb,6,no,Mill,0,0
8/24/2022,12:37:00,13h,Ebb,6,no,Mill,0,0
8/24/2022,12:38:00,13h,Ebb,6,no,Mill,0,0
8/24/2022,12:39:00,13h,Ebb,6,no,Mill,0,0
8/24/2022,12:40:00,13h,Ebb,6,no,Mill,0,0
8/24/2022,12:41:00,13h,Ebb,6,no,Mill,0,0
8/24/2022,12:42:00,13h,Ebb,6,no,Mill,0,0
8/24/2022,12:43:00,13h,Ebb,6,no,Mill,0,0
8/24/2022,12:44:00,13h,Ebb,6,no,Mill,0,0
8/24/2022,12:45:00,13h,Ebb,6,no,Mill,0,0
8/24/2022,12:46:00,13h,Ebb,6,no,Mill,2,0.333333333
8/24/2022,12:47:00,13h,Ebb,6,no,Mill,0,0
8/24/2022,12:48:00,13h,Ebb,6,no,Mill,0,0
8/24/2022,12:49:00,13h,Ebb,6,no,Mill,0,0
8/26/2022,8:41:00,14,Ebb,1,no,Travel,0,0
8/26/2022,8:42:00,14,Ebb,1,no,Travel,0,0
8/26/2022,8:43:00,14,Ebb,1,no,Travel,0,0
8/26/2022,8:44:00,14,Ebb,1,no,Travel,2,2
8/26/2022,8:45:00,14,Ebb,1,no,Travel,0,0
8/26/2022,8:46:00,14,Ebb,1,no,Travel,0,0
8/26/2022,8:47:00,14,Ebb,1,no,Travel,0,0
8/26/2022,8:48:00,14,Ebb,1,no,Travel,0,0
8/26/2022,8:49:00,14,Ebb,1,no,Travel,0,0
8/26/2022,8:50:00,14,Ebb,1,no,Travel,0,0
8/26/2022,8:51:00,14,Ebb,1,no,Travel,0,0
8/26/2022,8:52:00,14,Ebb,1,no,Travel,0,0
8/26/2022,8:53:00,14,Ebb,1,no,Travel,0,0
8/26/2022,8:54:00,14,Ebb,1,no,Travel,0,0
8/26/2022,8:55:00,14,Ebb,1,no,Travel,0,0
8/26/2022,8:56:00,14,Ebb,1,no,Travel,0,0
8/26/2022,8:57:00,14,Ebb,1,no,Travel,0,0
8/26/2022,8:58:00,14,Ebb,1,no,Travel,0,0
8/26/2022,8:59:00,14,Ebb,1,no,Travel,0,0
8/26/2022,9:00:00,14,Ebb,1,no,Travel,0,0
8/26/2022,9:01:00,14,Ebb,1,no,Travel,0,0
8/26/2022,9:29:00,15a,Ebb,4,yes,Mill,0,0
8/26/2022,9:30:00,15a,Ebb,4,yes,Mill,0,0
8/26/2022,9:31:00,15a,Ebb,4,yes,Mill,0,0
8/26/2022,9:32:00,15a,Ebb,4,yes,Mill,0,0
8/26/2022,9:33:00,15a,Ebb,4,yes,Mill,0,0
8/26/2022,9:34:00,15a,Ebb,4,yes,Mill,0,0
8/26/2022,9:35:00,15a,Ebb,4,yes,Mill,0,0
8/26/2022,9:36:00,15a,Ebb,4,yes,Mill,0,0
8/26/2022,9:37:00,15a,Ebb,4,yes,Mill,0,0
8/26/2022,9:38:00,15a,Ebb,4,yes,Mill,0,0
8/26/2022,9:39:00,15a,Ebb,4,yes,Mill,0,0
8/26/2022,9:40:00,15a,Ebb,4,yes,Mill,0,0
8/26/2022,9:41:00,15a,Ebb,4,yes,Mill,0,0
8/26/2022,9:42:00,15a,Ebb,4,yes,Mill,0,0
8/26/2022,9:43:00,15a,Ebb,4,yes,Mill,2,0.5
8/26/2022,9:44:00,15a,Ebb,4,yes,Mill,0,0
8/26/2022,9:45:00,15a,Ebb,4,yes,Mill,0,0
8/26/2022,9:46:00,15a,Ebb,4,yes,Mill,0,0
8/26/2022,9:47:00,15a,Ebb,4,yes,Mill,0,0
8/26/2022,9:48:00,15a,Ebb,4,yes,Mill,0,0
8/26/2022,9:49:00,15a,Ebb,4,yes,Mill,0,0
8/26/2022,9:50:00,15b,Ebb,7,yes,Mill,0,0
8/26/2022,9:51:00,15b,Ebb,7,yes,Mill,0,0
8/26/2022,9:52:00,15b,Ebb,7,yes,Mill,0,0
8/26/2022,9:53:00,15b,Ebb,7,yes,Mill,0,0
8/26/2022,9:54:00,15b,Ebb,7,yes,Mill,0,0
8/26/2022,9:55:00,15b,Ebb,7,yes,Mill,1,0.142857143
8/26/2022,9:56:00,15b,Ebb,7,yes,Mill,5,0.714285714
8/26/2022,9:57:00,15b,Ebb,7,yes,Mill,0,0
8/26/2022,9:58:00,15b,Ebb,7,yes,Mill,2,0.285714286
8/26/2022,9:59:00,15b,Ebb,7,yes,Mill,1,0.142857143
8/26/2022,10:00:00,15b,Ebb,7,yes,Mill,4,0.571428571
8/26/2022,10:01:00,15b,Ebb,7,yes,Mill,0,0
8/26/2022,10:02:00,15b,Ebb,7,yes,Mill,0,0
8/26/2022,10:03:00,15b,Ebb,7,yes,Mill,0,0
8/26/2022,10:04:00,15b,Ebb,7,yes,Mill,0,0
8/26/2022,10:05:00,15b,Ebb,7,yes,Mill,1,0.142857143
8/26/2022,10:06:00,15b,Ebb,7,yes,Mill,2,0.285714286
8/26/2022,10:07:00,15b,Ebb,7,yes,Mill,0,0
8/26/2022,10:08:00,15b,Ebb,7,yes,Mill,0,0
8/26/2022,10:09:00,15b,Ebb,7,yes,Mill,0,0
8/26/2022,10:10:00,15b,Ebb,7,yes,Mill,0,0
8/26/2022,10:11:00,15c,Ebb,17,yes,Travel,3,0.176470588
8/26/2022,10:12:00,15c,Ebb,17,yes,Travel,10,0.588235294
8/26/2022,10:13:00,15c,Ebb,17,yes,Travel,14,0.823529412
8/26/2022,10:14:00,15c,Ebb,17,yes,Travel,9,0.529411765
8/26/2022,10:15:00,15c,Ebb,17,yes,Travel,10,0.588235294
8/26/2022,10:16:00,15c,Ebb,17,yes,Travel,4,0.235294118
8/26/2022,10:17:00,15c,Ebb,17,yes,Travel,6,0.352941176
8/26/2022,10:18:00,15c,Ebb,17,yes,Travel,6,0.352941176
8/26/2022,10:19:00,15c,Ebb,17,yes,Travel,6,0.352941176
8/26/2022,10:20:00,15c,Ebb,17,yes,Travel,0,0
8/26/2022,10:21:00,15c,Ebb,17,yes,Travel,7,0.411764706
8/26/2022,10:22:00,15c,Ebb,17,yes,Travel,0,0
8/26/2022,10:23:00,15c,Ebb,17,yes,Travel,1,0.058823529
8/26/2022,10:24:00,15c,Ebb,17,yes,Travel,2,0.117647059
8/26/2022,10:25:00,15c,Ebb,17,yes,Travel,0,0
8/26/2022,10:26:00,15c,Ebb,17,yes,Travel,0,0
8/26/2022,10:27:00,15c,Ebb,17,yes,Travel,0,0
8/26/2022,10:28:00,15c,Ebb,17,yes,Travel,0,0
8/26/2022,10:29:00,15c,Ebb,17,yes,Travel,0,0
8/26/2022,10:30:00,15c,Ebb,17,yes,Travel,0,0
8/26/2022,10:31:00,15c,Ebb,17,yes,Travel,0,0
8/26/2022,10:32:00,15d,Ebb,16,yes,Mill,0,0
8/26/2022,10:33:00,15d,Ebb,16,yes,Mill,3,0.1875
8/26/2022,10:34:00,15d,Ebb,16,yes,Mill,10,0.625
8/26/2022,10:35:00,15d,Ebb,16,yes,Mill,0,0
8/26/2022,10:36:00,15d,Ebb,16,yes,Mill,4,0.25
8/26/2022,10:37:00,15d,Ebb,16,yes,Mill,1,0.0625
8/26/2022,10:38:00,15d,Ebb,16,yes,Mill,0,0
8/26/2022,10:39:00,15d,Ebb,16,yes,Mill,0,0
8/26/2022,10:40:00,15d,Ebb,16,yes,Mill,0,0
8/26/2022,10:41:00,15d,Ebb,16,yes,Mill,0,0
8/26/2022,10:42:00,15d,Ebb,16,yes,Mill,0,0
8/26/2022,10:43:00,15d,Ebb,16,yes,Mill,0,0
8/26/2022,10:44:00,15d,Ebb,16,yes,Mill,0,0
8/26/2022,10:45:00,15d,Ebb,16,yes,Mill,0,0
8/26/2022,10:46:00,15d,Ebb,16,yes,Mill,0,0
8/26/2022,10:47:00,15d,Ebb,16,yes,Mill,2,0.125
8/26/2022,10:48:00,15d,Ebb,16,yes,Mill,0,0
8/26/2022,10:49:00,15d,Ebb,16,yes,Mill,2,0.125
8/26/2022,10:50:00,15d,Ebb,16,yes,Mill,0,0
8/26/2022,10:51:00,15d,Ebb,16,yes,Mill,0,0
8/26/2022,10:52:00,15d,Ebb,16,yes,Mill,0,0
8/26/2022,10:53:00,15e,Ebb,14,yes,Mill,0,0
8/26/2022,10:54:00,15e,Ebb,14,yes,Mill,1,0.071428571
8/26/2022,10:55:00,15e,Ebb,14,yes,Mill,0,0
8/26/2022,10:56:00,15e,Ebb,14,yes,Mill,1,0.071428571
8/26/2022,10:57:00,15e,Ebb,14,yes,Mill,0,0
8/26/2022,10:58:00,15e,Ebb,14,yes,Mill,0,0
8/26/2022,10:59:00,15e,Ebb,14,yes,Mill,0,0
8/26/2022,11:00:00,15e,Ebb,14,yes,Mill,3,0.214285714
8/26/2022,11:01:00,15e,Ebb,14,yes,Mill,5,0.357142857
8/26/2022,11:02:00,15e,Ebb,14,yes,Mill,3,0.214285714
8/26/2022,11:03:00,15e,Ebb,14,yes,Mill,15,1.071428571
8/26/2022,11:04:00,15e,Ebb,14,yes,Mill,10,0.714285714
8/26/2022,11:05:00,15e,Ebb,14,yes,Mill,14,1
8/26/2022,11:06:00,15e,Ebb,14,yes,Mill,15,1.071428571
8/26/2022,11:07:00,15e,Ebb,14,yes,Mill,17,1.214285714
8/26/2022,11:08:00,15e,Ebb,14,yes,Mill,16,1.142857143
8/26/2022,11:09:00,15e,Ebb,14,yes,Mill,13,0.928571429
8/26/2022,11:10:00,15e,Ebb,14,yes,Mill,9,0.642857143
8/26/2022,11:11:00,15e,Ebb,14,yes,Mill,14,1
8/26/2022,11:12:00,15e,Ebb,14,yes,Mill,8,0.571428571
8/26/2022,11:13:00,15e,Ebb,14,yes,Mill,13,0.928571429
8/26/2022,11:41:00,16a,Ebb,8,yes,Travel,1,0.125
8/26/2022,11:42:00,16a,Ebb,8,yes,Travel,0,0
8/26/2022,11:43:00,16a,Ebb,8,yes,Travel,3,0.375
8/26/2022,11:44:00,16a,Ebb,8,yes,Travel,0,0
8/26/2022,11:45:00,16a,Ebb,8,yes,Travel,0,0
8/26/2022,11:46:00,16a,Ebb,8,yes,Travel,0,0
8/26/2022,11:47:00,16a,Ebb,8,yes,Travel,0,0
8/26/2022,11:48:00,16a,Ebb,8,yes,Travel,1,0.125
8/26/2022,11:49:00,16a,Ebb,8,yes,Travel,0,0
8/26/2022,11:50:00,16a,Ebb,8,yes,Travel,0,0
8/26/2022,11:51:00,16a,Ebb,8,yes,Travel,0,0
8/26/2022,11:52:00,16a,Ebb,8,yes,Travel,0,0
8/26/2022,11:53:00,16a,Ebb,8,yes,Travel,0,0
8/26/2022,11:54:00,16a,Ebb,8,yes,Travel,0,0
8/26/2022,11:55:00,16a,Ebb,8,yes,Travel,0,0
8/26/2022,11:56:00,16a,Ebb,8,yes,Travel,0,0
8/26/2022,11:57:00,16a,Ebb,8,yes,Travel,0,0
8/26/2022,11:58:00,16a,Ebb,8,yes,Travel,0,0
8/26/2022,11:59:00,16a,Ebb,8,yes,Travel,0,0
8/26/2022,12:00:00,16a,Ebb,8,yes,Travel,2,0.25
8/26/2022,12:01:00,16a,Ebb,8,yes,Travel,2,0.25
8/26/2022,12:02:00,16b,Ebb,22,yes,Mill,0,0
8/26/2022,12:03:00,16b,Ebb,22,yes,Mill,2,0.090909091
8/26/2022,12:04:00,16b,Ebb,22,yes,Mill,2,0.090909091
8/26/2022,12:05:00,16b,Ebb,22,yes,Mill,2,0.090909091
8/26/2022,12:06:00,16b,Ebb,22,yes,Mill,2,0.090909091
8/26/2022,12:07:00,16b,Ebb,22,yes,Mill,0,0
8/26/2022,12:08:00,16b,Ebb,22,yes,Mill,0,0
8/26/2022,12:09:00,16b,Ebb,22,yes,Mill,0,0
8/26/2022,12:10:00,16b,Ebb,22,yes,Mill,0,0
8/26/2022,12:11:00,16b,Ebb,22,yes,Mill,0,0
8/26/2022,12:12:00,16b,Ebb,22,yes,Mill,0,0
8/26/2022,12:13:00,16b,Ebb,22,yes,Mill,0,0
8/26/2022,12:14:00,16b,Ebb,22,yes,Mill,2,0.090909091
8/26/2022,12:15:00,16b,Ebb,22,yes,Mill,0,0
8/26/2022,12:16:00,16b,Ebb,22,yes,Mill,0,0
8/26/2022,12:17:00,16b,Ebb,22,yes,Mill,0,0
8/26/2022,12:18:00,16b,Ebb,22,yes,Mill,0,0
8/26/2022,12:19:00,16b,Ebb,22,yes,Mill,0,0
8/26/2022,12:20:00,16b,Ebb,22,yes,Mill,0,0
8/26/2022,12:21:00,16b,Ebb,22,yes,Mill,0,0
8/26/2022,12:22:00,16b,Ebb,22,yes,Mill,0,0
8/26/2022,12:23:00,16c,Ebb,10,yes,Travel,0,0
8/26/2022,12:24:00,16c,Ebb,10,yes,Travel,0,0
8/26/2022,12:25:00,16c,Ebb,10,yes,Travel,0,0
8/26/2022,12:26:00,16c,Ebb,10,yes,Travel,0,0
8/26/2022,12:27:00,16c,Ebb,10,yes,Travel,0,0
8/26/2022,12:28:00,16c,Ebb,10,yes,Travel,0,0
8/26/2022,12:29:00,16c,Ebb,10,yes,Travel,0,0
8/26/2022,12:30:00,16c,Ebb,10,yes,Travel,0,0
8/26/2022,12:31:00,16c,Ebb,10,yes,Travel,0,0
8/26/2022,12:32:00,16c,Ebb,10,yes,Travel,0,0
8/26/2022,12:33:00,16c,Ebb,10,yes,Travel,0,0
8/26/2022,12:34:00,16c,Ebb,10,yes,Travel,0,0
8/26/2022,12:35:00,16c,Ebb,10,yes,Travel,0,0
8/26/2022,12:36:00,16c,Ebb,10,yes,Travel,0,0
8/26/2022,12:37:00,16c,Ebb,10,yes,Travel,0,0
8/26/2022,12:38:00,16c,Ebb,10,yes,Travel,0,0
8/26/2022,12:39:00,16c,Ebb,10,yes,Travel,0,0
8/26/2022,12:40:00,16c,Ebb,10,yes,Travel,0,0
8/26/2022,12:41:00,16c,Ebb,10,yes,Travel,0,0
8/26/2022,12:42:00,16c,Ebb,10,yes,Travel,0,0
8/26/2022,12:43:00,16c,Ebb,10,yes,Travel,0,0
8/26/2022,12:44:00,16c,Ebb,10,yes,Travel,0,0
8/26/2022,12:45:00,16c,Ebb,10,yes,Travel,0,0
8/26/2022,12:46:00,16c,Ebb,10,yes,Travel,0,0
8/26/2022,12:47:00,16c,Ebb,10,yes,Travel,0,0
8/26/2022,12:48:00,16c,Ebb,10,yes,Travel,0,0
8/26/2022,12:49:00,16c,Ebb,10,yes,Travel,0,0
8/26/2022,12:50:00,16c,Ebb,10,yes,Travel,0,0
8/26/2022,12:51:00,16c,Ebb,10,yes,Travel,0,0
8/31/2022,11:40:00,17,Ebb,2,no,Travel,0,0
8/31/2022,11:41:00,17,Ebb,2,no,Travel,0,0
8/31/2022,11:42:00,17,Ebb,2,no,Travel,0,0
8/31/2022,11:43:00,17,Ebb,2,no,Travel,0,0
8/31/2022,11:44:00,17,Ebb,2,no,Travel,0,0
8/31/2022,11:45:00,17,Ebb,2,no,Travel,0,0
8/31/2022,11:46:00,17,Ebb,2,no,Travel,0,0
8/31/2022,11:47:00,17,Ebb,2,no,Travel,0,0
8/31/2022,11:48:00,17,Ebb,2,no,Travel,0,0
8/31/2022,11:49:00,17,Ebb,2,no,Travel,0,0
8/31/2022,11:50:00,17,Ebb,2,no,Travel,0,0
8/31/2022,11:51:00,17,Ebb,2,no,Travel,0,0
8/31/2022,11:52:00,17,Ebb,2,no,Travel,0,0
8/31/2022,11:53:00,17,Ebb,2,no,Travel,0,0
8/31/2022,11:54:00,17,Ebb,2,no,Travel,0,0
8/31/2022,11:55:00,17,Ebb,2,no,Travel,0,0
8/31/2022,11:56:00,17,Ebb,2,no,Travel,0,0
8/31/2022,11:57:00,17,Ebb,2,no,Travel,0,0
8/31/2022,11:58:00,17,Ebb,2,no,Travel,0,0
8/31/2022,11:59:00,17,Ebb,2,no,Travel,0,0
8/31/2022,12:00:00,17,Ebb,2,no,Travel,0,0
8/31/2022,13:07:00,18,Ebb,2,no,Travel,0,0
8/31/2022,13:08:00,18,Ebb,2,no,Travel,0,0
8/31/2022,13:09:00,18,Ebb,2,no,Travel,0,0
8/31/2022,13:10:00,18,Ebb,2,no,Travel,0,0
8/31/2022,13:11:00,18,Ebb,2,no,Travel,0,0
8/31/2022,13:12:00,18,Ebb,2,no,Travel,0,0
8/31/2022,13:13:00,18,Ebb,2,no,Travel,0,0
8/31/2022,13:14:00,18,Ebb,2,no,Travel,0,0
8/31/2022,13:15:00,18,Ebb,2,no,Travel,0,0
8/31/2022,13:16:00,18,Ebb,2,no,Travel,0,0
8/31/2022,13:17:00,18,Ebb,2,no,Travel,0,0
8/31/2022,13:18:00,18,Ebb,2,no,Travel,0,0
8/31/2022,13:19:00,18,Ebb,2,no,Travel,0,0
8/31/2022,13:20:00,18,Ebb,2,no,Travel,0,0
8/31/2022,13:21:00,18,Ebb,2,no,Travel,0,0
8/31/2022,13:22:00,18,Ebb,2,no,Travel,0,0
8/31/2022,13:23:00,18,Ebb,2,no,Travel,0,0
8/31/2022,13:24:00,18,Ebb,2,no,Travel,0,0
8/31/2022,13:25:00,18,Ebb,2,no,Travel,0,0
8/31/2022,13:26:00,18,Ebb,2,no,Travel,0,0
8/31/2022,13:27:00,18,Ebb,2,no,Travel,0,0
8/31/2022,13:28:00,18,Ebb,2,no,Mill,0,0
8/31/2022,13:29:00,18,Ebb,2,no,Mill,0,0
8/31/2022,13:30:00,18,Ebb,2,no,Mill,0,0
8/31/2022,13:31:00,18,Ebb,2,no,Mill,0,0
8/31/2022,13:32:00,18,Ebb,2,no,Mill,0,0
8/31/2022,13:33:00,18,Ebb,2,no,Mill,0,0
8/31/2022,13:34:00,18,Ebb,2,no,Mill,0,0
8/31/2022,13:35:00,18,Ebb,2,no,Mill,0,0
8/31/2022,13:36:00,18,Ebb,2,no,Mill,0,0
8/31/2022,13:37:00,18,Ebb,2,no,Mill,0,0
8/31/2022,13:38:00,18,Ebb,2,no,Mill,0,0
8/31/2022,13:39:00,18,Ebb,2,no,Mill,0,0
8/31/2022,13:40:00,18,Ebb,2,no,Mill,0,0
8/31/2022,13:41:00,18,Ebb,2,no,Mill,0,0
8/31/2022,13:42:00,18,Ebb,2,no,Mill,0,0
8/31/2022,13:43:00,18,Ebb,2,no,Mill,0,0
8/31/2022,13:44:00,18,Ebb,2,no,Mill,0,0
8/31/2022,13:45:00,18,Ebb,2,no,Mill,0,0
8/31/2022,13:46:00,18,Ebb,2,no,Mill,0,0
8/31/2022,13:47:00,18,Ebb,2,no,Mill,0,0
8/31/2022,13:48:00,18,Ebb,2,no,Mill,0,0
8/31/2022,13:49:00,18,Ebb,2,no,Mill,0,0
8/31/2022,13:50:00,18,Ebb,2,no,Mill,0,0
8/31/2022,13:51:00,18,Ebb,2,no,Mill,0,0
8/31/2022,13:52:00,18,Ebb,2,no,Mill,0,0
8/31/2022,13:53:00,18,Ebb,2,no,Mill,0,0
8/31/2022,13:54:00,18,Ebb,2,no,Mill,0,0
8/31/2022,13:55:00,18,Ebb,2,no,Mill,0,0
8/31/2022,13:56:00,18,Ebb,2,no,Mill,0,0
8/31/2022,13:57:00,18,Ebb,2,no,Mill,0,0
8/31/2022,13:58:00,18,Ebb,2,no,Mill,0,0
8/31/2022,13:59:00,18,Ebb,2,no,Mill,0,0
8/31/2022,14:00:00,18,Ebb,2,no,Mill,0,0
8/31/2022,14:01:00,18,Ebb,2,no,Mill,0,0
8/31/2022,14:02:00,18,Ebb,2,no,Mill,0,0
8/31/2022,14:03:00,18,Ebb,2,no,Mill,0,0
8/31/2022,14:04:00,18,Ebb,2,no,Mill,0,0
8/31/2022,14:05:00,18,Ebb,2,no,Mill,0,0
8/31/2022,14:06:00,18,Ebb,2,no,Mill,0,0
8/31/2022,14:07:00,18,Ebb,2,no,Mill,0,0
8/31/2022,14:08:00,18,Ebb,2,no,Mill,0,0
8/31/2022,14:09:00,18,Ebb,2,no,Mill,0,0
8/31/2022,14:10:00,18,Ebb,2,no,Travel,0,0
8/31/2022,14:11:00,18,Ebb,2,no,Travel,0,0
8/31/2022,14:12:00,18,Ebb,2,no,Travel,0,0
8/31/2022,14:13:00,18,Ebb,2,no,Travel,0,0
8/31/2022,14:14:00,18,Ebb,2,no,Travel,0,0
8/31/2022,14:15:00,18,Ebb,2,no,Travel,0,0
8/31/2022,14:16:00,18,Ebb,2,no,Travel,0,0
8/31/2022,14:17:00,18,Ebb,2,no,Travel,0,0
8/31/2022,14:18:00,18,Ebb,2,no,Travel,0,0
8/31/2022,14:19:00,18,Ebb,2,no,Travel,0,0
8/31/2022,14:20:00,18,Ebb,2,no,Travel,0,0
8/31/2022,14:21:00,18,Ebb,2,no,Travel,0,0
8/31/2022,14:22:00,18,Ebb,2,no,Travel,0,0
8/31/2022,14:23:00,18,Ebb,2,no,Travel,0,0
8/31/2022,14:24:00,18,Ebb,2,no,Travel,0,0
8/31/2022,14:25:00,18,Ebb,2,no,Travel,1,0.5
8/31/2022,14:26:00,18,Ebb,2,no,Travel,0,0
8/31/2022,14:27:00,18,Ebb,2,no,Travel,0,0
8/31/2022,14:28:00,18,Ebb,2,no,Travel,0,0
8/31/2022,14:29:00,18,Ebb,2,no,Travel,0,0
8/31/2022,14:30:00,18,Ebb,2,no,Travel,0,0
9/1/2022,14:50:00,19,Ebb,2,no,Travel,0,0
9/10/2022,14:59:00,19,Ebb,2,no,Travel,0,0
9/11/2022,15:00:00,19,Ebb,2,no,Travel,0,0
9/12/2022,15:01:00,19,Ebb,2,no,Travel,0,0
9/13/2022,15:02:00,19,Ebb,2,no,Travel,0,0
9/14/2022,15:03:00,19,Ebb,2,no,Travel,0,0
9/15/2022,15:04:00,19,Ebb,2,no,Travel,0,0
9/16/2022,15:05:00,19,Ebb,2,no,Travel,0,0
9/17/2022,15:06:00,19,Ebb,2,no,Travel,0,0
9/18/2022,15:07:00,19,Ebb,2,no,Travel,0,0
9/19/2022,15:08:00,19,Ebb,2,no,Travel,0,0
9/2/2022,14:51:00,19,Ebb,2,no,Travel,0,0
9/20/2022,15:09:00,19,Ebb,2,no,Travel,0,0
9/21/2022,15:10:00,19,Ebb,2,no,Travel,0,0
9/3/2022,14:52:00,19,Ebb,2,no,Travel,0,0
9/4/2022,14:53:00,19,Ebb,2,no,Travel,0,0
9/5/2022,14:54:00,19,Ebb,2,no,Travel,0,0
9/6/2022,14:55:00,19,Ebb,2,no,Travel,0,0
9/7/2022,14:56:00,19,Ebb,2,no,Travel,0,0
9/8/2022,14:57:00,19,Ebb,2,no,Travel,0,0
9/9/2022,14:58:00,19,Ebb,2,no,Travel,0,0
9/7/2022,13:18:00,20a,Flood,8,no,Travel,0,0
9/7/2022,13:19:00,20a,Flood,8,no,Travel,0,0
9/7/2022,13:20:00,20a,Flood,8,no,Travel,0,0
9/7/2022,13:21:00,20a,Flood,8,no,Travel,0,0
9/7/2022,13:22:00,20a,Flood,8,no,Travel,0,0
9/7/2022,13:23:00,20a,Flood,8,no,Travel,0,0
9/7/2022,13:24:00,20a,Flood,8,no,Travel,0,0
9/7/2022,13:25:00,20a,Flood,8,no,Travel,0,0
9/7/2022,13:26:00,20a,Flood,8,no,Travel,0,0
9/7/2022,13:27:00,20a,Flood,8,no,Travel,0,0
9/7/2022,13:28:00,20a,Flood,8,no,Travel,0,0
9/7/2022,13:29:00,20a,Flood,8,no,Travel,0,0
9/7/2022,13:30:00,20a,Flood,8,no,Travel,0,0
9/7/2022,13:31:00,20a,Flood,8,no,Travel,0,0
9/7/2022,13:32:00,20a,Flood,8,no,Travel,0,0
9/7/2022,13:33:00,20a,Flood,8,no,Travel,0,0
9/7/2022,13:34:00,20a,Flood,8,no,Travel,0,0
9/7/2022,13:35:00,20a,Flood,8,no,Travel,0,0
9/7/2022,13:36:00,20a,Flood,8,no,Travel,0,0
9/7/2022,13:37:00,20a,Flood,8,no,Travel,0,0
9/7/2022,13:38:00,20a,Flood,8,no,Travel,0,0
9/7/2022,13:39:00,20b,Flood,24,yes,Travel,0,0
9/7/2022,13:40:00,20b,Flood,24,yes,Travel,0,0
9/7/2022,13:41:00,20b,Flood,24,yes,Travel,0,0
9/7/2022,13:42:00,20b,Flood,24,yes,Travel,0,0
9/7/2022,13:43:00,20b,Flood,24,yes,Travel,0,0
9/7/2022,13:44:00,20b,Flood,24,yes,Travel,0,0
9/7/2022,13:45:00,20b,Flood,24,yes,Travel,0,0
9/7/2022,13:46:00,20b,Flood,24,yes,Travel,0,0
9/7/2022,13:47:00,20b,Flood,24,yes,Travel,0,0
9/7/2022,13:48:00,20b,Flood,24,yes,Travel,0,0
9/7/2022,13:49:00,20b,Flood,24,yes,Travel,0,0
9/7/2022,13:50:00,20b,Flood,24,yes,Travel,0,0
9/7/2022,13:51:00,20b,Flood,24,yes,Travel,0,0
9/7/2022,13:52:00,20b,Flood,24,yes,Travel,0,0
9/7/2022,13:53:00,20b,Flood,24,yes,Travel,0,0
9/7/2022,13:54:00,20b,Flood,24,yes,Travel,0,0
9/7/2022,13:55:00,20b,Flood,24,yes,Travel,0,0
9/7/2022,13:56:00,20b,Flood,24,yes,Travel,0,0
9/7/2022,13:57:00,20b,Flood,24,yes,Travel,0,0
9/7/2022,13:58:00,20b,Flood,24,yes,Travel,0,0
9/7/2022,13:59:00,20b,Flood,24,yes,Travel,0,0
9/7/2022,14:00:00,20b,Flood,24,yes,Travel,0,0
9/7/2022,14:01:00,20b,Flood,24,yes,Travel,0,0
9/7/2022,14:02:00,20b,Flood,24,yes,Travel,0,0
9/7/2022,14:03:00,20b,Flood,24,yes,Travel,0,0
9/7/2022,14:04:00,20b,Flood,24,yes,Travel,0,0
9/7/2022,14:05:00,20b,Flood,24,yes,Travel,0,0
9/7/2022,14:06:00,20b,Flood,24,yes,Travel,0,0
9/7/2022,14:07:00,20b,Flood,24,yes,Travel,0,0
9/7/2022,14:08:00,20b,Flood,24,yes,Travel,0,0
9/7/2022,14:09:00,20b,Flood,24,yes,Travel,0,0
9/7/2022,14:10:00,20b,Flood,24,yes,Travel,0,0
9/7/2022,14:11:00,20b,Flood,24,yes,Travel,0,0
9/7/2022,14:12:00,20b,Flood,24,yes,Travel,0,0
9/7/2022,14:13:00,20b,Flood,24,yes,Travel,0,0
9/7/2022,14:14:00,20b,Flood,24,yes,Travel,0,0
9/7/2022,14:15:00,20b,Flood,24,yes,Travel,0,0
9/7/2022,14:16:00,20b,Flood,24,yes,Travel,4,0.166666667
9/7/2022,14:17:00,20b,Flood,24,yes,Travel,22,0.916666667
9/7/2022,14:18:00,20b,Flood,24,yes,Travel,29,1.208333333
9/7/2022,14:19:00,20b,Flood,24,yes,Travel,14,0.583333333
9/7/2022,14:20:00,20b,Flood,24,yes,Travel,23,0.958333333
9/8/2022,11:05:00,21a,Ebb,2,no,Mill,0,0
9/8/2022,11:06:00,21a,Ebb,2,no,Mill,0,0
9/8/2022,11:07:00,21a,Ebb,2,no,Mill,0,0
9/8/2022,11:08:00,21a,Ebb,2,no,Mill,0,0
9/8/2022,11:09:00,21a,Ebb,2,no,Mill,0,0
9/8/2022,11:10:00,21a,Ebb,2,no,Mill,0,0
9/8/2022,11:11:00,21a,Ebb,2,no,Mill,0,0
9/8/2022,11:12:00,21a,Ebb,2,no,Mill,0,0
9/8/2022,11:13:00,21a,Ebb,2,no,Mill,0,0
9/8/2022,11:14:00,21a,Ebb,2,no,Mill,0,0
9/8/2022,11:15:00,21a,Ebb,2,no,Mill,0,0
9/8/2022,11:16:00,21a,Ebb,2,no,Mill,0,0
9/8/2022,11:17:00,21a,Ebb,2,no,Mill,0,0
9/8/2022,11:18:00,21a,Ebb,2,no,Mill,0,0
9/8/2022,11:19:00,21a,Ebb,2,no,Mill,0,0
9/8/2022,11:20:00,21a,Ebb,2,no,Mill,0,0
9/8/2022,11:21:00,21a,Ebb,2,no,Mill,0,0
9/8/2022,11:22:00,21a,Ebb,2,no,Mill,0,0
9/8/2022,11:23:00,21a,Ebb,2,no,Mill,0,0
9/8/2022,11:24:00,21a,Ebb,2,no,Mill,0,0
9/8/2022,11:25:00,21a,Ebb,2,no,Mill,0,0
9/8/2022,11:26:00,21b,Ebb,3,yes,Mill,0,0
9/8/2022,11:27:00,21b,Ebb,3,yes,Mill,0,0
9/8/2022,11:28:00,21b,Ebb,3,yes,Mill,0,0
9/8/2022,11:29:00,21b,Ebb,3,yes,Mill,0,0
9/8/2022,11:30:00,21b,Ebb,3,yes,Mill,0,0
9/8/2022,11:31:00,21b,Ebb,3,yes,Mill,0,0
9/8/2022,11:32:00,21b,Ebb,3,yes,Mill,0,0
9/8/2022,11:33:00,21b,Ebb,3,yes,Mill,0,0
9/8/2022,11:34:00,21b,Ebb,3,yes,Mill,0,0
9/8/2022,11:35:00,21b,Ebb,3,yes,Mill,0,0
9/8/2022,11:36:00,21b,Ebb,3,yes,Mill,0,0
9/8/2022,11:37:00,21b,Ebb,3,yes,Mill,0,0
9/8/2022,11:38:00,21b,Ebb,3,yes,Mill,0,0
9/8/2022,11:39:00,21b,Ebb,3,yes,Mill,0,0
9/8/2022,11:40:00,21b,Ebb,3,yes,Mill,0,0
9/8/2022,11:41:00,21b,Ebb,3,yes,Mill,0,0
9/8/2022,11:42:00,21b,Ebb,3,yes,Mill,0,0
9/8/2022,11:43:00,21b,Ebb,3,yes,Mill,0,0
9/8/2022,11:44:00,21b,Ebb,3,yes,Mill,0,0
9/8/2022,11:45:00,21b,Ebb,3,yes,Mill,0,0
9/8/2022,11:46:00,21b,Ebb,3,yes,Mill,0,0
9/8/2022,11:47:00,21b,Ebb,3,yes,Mill,0,0
9/8/2022,11:48:00,21b,Ebb,3,yes,Mill,0,0
9/8/2022,11:49:00,21b,Ebb,3,yes,Mill,0,0
9/8/2022,11:50:00,21b,Ebb,3,yes,Mill,0,0
9/8/2022,11:51:00,21b,Ebb,3,yes,Mill,0,0
9/8/2022,11:52:00,21b,Ebb,3,yes,Mill,0,0
9/8/2022,11:53:00,21b,Ebb,3,yes,Mill,0,0
9/8/2022,11:54:00,21b,Ebb,3,yes,Mill,0,0
9/8/2022,11:55:00,21b,Ebb,3,yes,Mill,0,0
9/8/2022,11:56:00,21b,Ebb,3,yes,Mill,0,0
9/8/2022,11:57:00,21b,Ebb,3,yes,Mill,0,0
9/8/2022,11:58:00,21b,Ebb,3,yes,Mill,0,0
9/8/2022,11:59:00,21b,Ebb,3,yes,Mill,0,0
9/8/2022,12:00:00,21b,Ebb,3,yes,Mill,0,0
9/8/2022,12:01:00,21b,Ebb,3,yes,Mill,0,0
9/8/2022,12:02:00,21b,Ebb,3,yes,Mill,0,0
9/8/2022,12:03:00,21b,Ebb,3,yes,Mill,0,0
9/8/2022,12:04:00,21b,Ebb,3,yes,Mill,0,0
9/8/2022,12:05:00,21b,Ebb,3,yes,Mill,0,0
9/8/2022,12:06:00,21b,Ebb,3,yes,Mill,0,0
9/8/2022,12:07:00,21b,Ebb,3,yes,Mill,0,0
9/8/2022,12:08:00,21c,Ebb,2,yes,Mill,0,0
9/8/2022,12:09:00,21c,Ebb,2,yes,Mill,0,0
9/8/2022,12:10:00,21c,Ebb,2,yes,Mill,0,0
9/8/2022,12:11:00,21c,Ebb,2,yes,Mill,0,0
9/8/2022,12:12:00,21c,Ebb,2,yes,Mill,0,0
9/8/2022,12:13:00,21c,Ebb,2,yes,Mill,0,0
9/8/2022,12:14:00,21c,Ebb,2,yes,Mill,0,0
9/8/2022,12:15:00,21c,Ebb,2,yes,Mill,0,0
9/8/2022,12:16:00,21c,Ebb,2,yes,Mill,0,0
9/8/2022,12:17:00,21c,Ebb,2,yes,Mill,0,0
9/8/2022,12:18:00,21c,Ebb,2,yes,Mill,0,0
9/8/2022,12:19:00,21c,Ebb,2,yes,Mill,0,0
9/8/2022,12:20:00,21c,Ebb,2,yes,Mill,0,0
9/8/2022,12:21:00,21c,Ebb,2,yes,Mill,0,0
9/8/2022,12:22:00,21c,Ebb,2,yes,Mill,0,0
9/8/2022,12:23:00,21c,Ebb,2,yes,Mill,0,0
9/8/2022,12:24:00,21c,Ebb,2,yes,Mill,0,0
9/8/2022,12:25:00,21c,Ebb,2,yes,Mill,0,0
9/8/2022,12:26:00,21c,Ebb,2,yes,Mill,0,0
9/8/2022,12:27:00,21c,Ebb,2,yes,Mill,0,0
9/8/2022,12:28:00,21c,Ebb,2,yes,Mill,0,0
